Date,Open Price,High Price,Low Price,Close Price,WAP,No.of Shares,No. of Trades,Total Turnover (Rs.),Deliverable Quantity,% Deli. Qty to Traded Qty,Spread High-Low,Spread Close-Open
30-December-2016,1066.80,1084.70,1064.00,1080.10,1079.653093520335232124,653398,8434,705443172.00,405098,62.00,20.70,13.30
29-December-2016,1051.65,1068.60,1049.50,1064.95,1058.232604434025181382,98962,3809,104724815.00,26451,26.73,19.10,13.30
28-December-2016,1068.00,1069.90,1048.40,1052.20,1062.748462353025090667,546777,4664,581086416.00,453772,82.99,21.50,-15.80
27-December-2016,1047.10,1066.70,1047.10,1064.40,1054.960411674336194760,560443,7152,591245178.00,417160,74.43,19.60,17.30
26-December-2016,1055.60,1066.00,1045.00,1047.10,1050.924167059499233299,369114,4495,387910823.00,272167,73.74,21.00,-8.50
23-December-2016,1050.60,1068.45,1050.60,1058.15,1059.567041629033582395,304475,4166,322611675.00,172678,56.71,17.85,7.55
22-December-2016,1059.90,1061.55,1050.35,1053.95,1058.371555104681157070,622987,5426,659351720.00,517903,83.13,11.20,-5.95
21-December-2016,1059.00,1066.35,1056.50,1061.45,1060.869887264432459348,273117,6195,289741601.00,188109,68.87,9.85,2.45
20-December-2016,1057.30,1062.00,1054.00,1059.10,1058.854216967993273902,779055,4082,824905672.00,661760,84.94,8.00,1.80
19-December-2016,1058.00,1065.80,1055.00,1062.15,1064.146429067829614716,726659,5072,773271580.00,498840,68.65,10.80,4.15
16-December-2016,1050.00,1062.00,1050.00,1057.55,1057.665517600185282774,297923,3674,315102884.00,197989,66.46,12.00,7.55
15-December-2016,1056.75,1066.80,1051.00,1054.20,1059.207076634776605187,202780,6774,214786011.00,55039,27.14,15.80,-2.55
14-December-2016,1039.50,1064.40,1039.40,1060.00,1059.396714735569705042,519532,8586,550390494.00,318680,61.34,25.00,20.50
13-December-2016,1032.00,1042.00,1028.50,1039.90,1037.885168247342520692,97743,4028,101446010.00,37965,38.84,13.50,7.90
12-December-2016,1026.85,1040.00,1022.15,1028.10,1033.530120699135545399,110937,5237,114656731.00,32953,29.70,17.85,1.25
9-December-2016,1020.50,1029.60,1020.30,1026.40,1026.134326330270554866,117758,4063,120835526.00,40702,34.56,9.30,5.90
8-December-2016,1003.10,1021.00,1003.10,1019.55,1016.136354807381029459,123560,4625,125553808.00,45221,36.60,17.90,16.45
7-December-2016,1007.00,1007.00,995.65,999.70,1002.285054333560816840,76196,2476,76370112.00,18062,23.70,11.35,-7.30
6-December-2016,995.00,1004.90,995.00,1003.35,999.621632500785422557,101856,3728,101817461.00,30678,30.12,9.90,8.35
5-December-2016,994.00,998.75,987.55,994.10,993.655915584092379672,100455,4007,99817705.00,23283,23.18,11.20,0.10
2-December-2016,995.00,1005.60,993.05,995.30,1000.447414486445569380,190233,5476,190318113.00,82005,43.11,12.55,0.30
1-December-2016,996.15,1014.60,994.50,997.20,1005.104287018627710319,234382,9310,235578353.00,54585,23.29,20.10,1.05
30-November-2016,997.00,997.60,988.00,992.75,992.015452381930875248,267661,4785,265523848.00,185542,69.32,9.60,-4.25
29-November-2016,987.10,1002.70,987.10,995.85,991.982909080866869645,289686,4400,287363561.00,206014,71.12,15.60,8.75
28-November-2016,994.80,1000.05,984.00,986.45,990.979798752308011668,91529,5109,90703390.00,31329,34.23,16.05,-8.35
25-November-2016,991.00,996.00,985.00,993.65,990.161962304354835318,285338,5263,282530834.00,164766,57.74,11.00,2.65
24-November-2016,1006.90,1006.90,986.00,990.65,991.928783494483261580,212535,5710,210819584.00,76600,36.04,20.90,-16.25
23-November-2016,1005.00,1008.50,999.50,1007.25,1005.048814605214777868,125106,3935,125737637.00,47431,37.91,9.00,2.25
22-November-2016,994.25,1007.50,994.05,1001.10,1000.709816126170823748,133026,6591,133120424.00,44860,33.72,13.45,6.85
21-November-2016,988.00,993.70,983.50,990.90,988.474066315702433780,362810,5930,358628276.00,223498,61.60,10.20,2.90
18-November-2016,983.15,992.15,982.90,987.50,988.144681086769878416,288856,6389,285431520.00,168353,58.28,9.25,4.35
17-November-2016,987.00,998.00,975.85,981.30,986.937159839587510741,418920,8257,413447715.00,262975,62.77,22.15,-5.70
16-November-2016,989.30,996.70,982.00,985.85,991.420224064090872360,346508,7099,343535039.00,226634,65.41,14.70,-3.45
15-November-2016,1001.80,1001.80,980.55,987.60,989.568081618810761926,566144,8405,560238032.00,292189,51.61,21.25,-14.20
11-November-2016,1000.00,1017.30,995.35,1001.40,1004.087906184540938071,240131,6079,241112633.00,77255,32.17,21.95,1.40
10-November-2016,1016.55,1028.40,1008.25,1010.00,1018.279324523882269070,157104,4763,159975755.00,44802,28.52,20.15,-6.55
9-November-2016,940.00,1008.90,932.00,1005.55,976.601852023206965791,432284,14530,422169355.00,89360,20.67,76.90,65.55
8-November-2016,1003.55,1009.00,998.35,1002.85,1002.004328136119557482,154570,5046,154879809.00,54178,35.05,10.65,-0.70
7-November-2016,1011.35,1016.50,999.50,1001.95,1005.679970853447490663,164685,5842,165620406.00,51489,31.27,17.00,-9.40
4-November-2016,1021.30,1027.15,1000.55,1005.80,1012.180718038849526738,218484,6460,221145292.00,52658,24.10,26.60,-15.50
3-November-2016,1024.05,1034.50,1022.10,1025.45,1028.418777865589072961,134126,4767,137937697.00,39420,29.39,12.40,1.40
2-November-2016,1042.00,1042.05,1021.10,1024.05,1030.234004519746989824,167266,5599,172323121.00,58274,34.84,20.95,-17.95
1-November-2016,1051.00,1055.00,1047.75,1048.30,1050.095452952514455931,114140,3555,119857895.00,40380,35.38,7.25,-2.70
30-October-2016,1057.00,1065.00,1047.85,1051.20,1052.516639810935653668,46545,2151,48989387.00,18810,40.41,17.15,-5.80
28-October-2016,1050.00,1056.00,1043.95,1053.50,1051.789087244457241577,145866,4271,153420267.00,35545,24.37,12.05,3.50
27-October-2016,1053.00,1054.00,1043.20,1048.50,1048.890087233593914734,128047,4318,134307229.00,36328,28.37,10.80,-4.50
26-October-2016,1058.00,1059.20,1052.00,1054.15,1054.568293410023498053,114052,4241,120275623.00,37893,33.22,7.20,-3.85
25-October-2016,1063.20,1065.40,1054.50,1059.90,1059.259610915968657119,185050,4401,196015991.00,52798,28.53,10.90,-3.30
24-October-2016,1068.00,1074.00,1060.50,1063.55,1067.930739506622238400,142852,4242,152556042.00,36734,25.71,13.50,-4.45
21-October-2016,1099.00,1099.00,1059.00,1064.40,1070.150071559132957297,700819,21002,749981503.00,241003,34.39,40.00,-34.60
20-October-2016,1091.95,1097.80,1085.10,1088.50,1090.611551702786377708,201875,6132,220167207.00,41824,20.72,12.70,-3.45
19-October-2016,1083.15,1094.50,1081.40,1086.90,1089.879783314803915157,458730,10452,499960553.00,288393,62.87,13.10,3.75
18-October-2016,1064.00,1082.00,1062.80,1079.30,1075.201289262466030461,189876,6704,204154920.00,66338,34.94,19.20,15.30
17-October-2016,1079.00,1080.65,1058.00,1060.15,1066.696385574703073454,222193,5172,237012470.00,69795,31.41,22.65,-18.85
14-October-2016,1060.50,1081.95,1058.00,1078.20,1075.380281788770465399,285604,6527,307132910.00,135094,47.30,23.95,17.70
13-October-2016,1093.70,1093.70,1052.05,1057.70,1074.759579848278545030,580933,10799,624363307.00,397800,68.48,41.65,-36.00
10-October-2016,1115.00,1122.00,1092.80,1095.95,1104.403291000122115032,163780,5007,180879171.00,60781,37.11,29.20,-19.05
7-October-2016,1111.10,1122.65,1107.55,1109.95,1113.067286182513495654,455517,9236,507021071.00,252806,55.50,15.10,-1.15
6-October-2016,1092.00,1124.80,1092.00,1111.10,1113.469485682731123381,1709509,15966,1903486107.00,1079496,63.15,32.80,19.10
5-October-2016,1103.15,1105.80,1085.75,1089.30,1095.132568254147927886,229693,5748,251544285.00,101638,44.25,20.05,-13.85
5-October-2016,1103.15,1105.80,1085.75,1089.30,1095.132568254147927886,229693,5748,251544285.00,101638,44.25,20.05,-13.85
4-October-2016,1093.90,1108.00,1092.00,1095.20,1098.243839957425191707,413390,7304,454003021.00,204003,49.35,16.00,1.30
3-October-2016,1084.50,1107.35,1076.95,1090.40,1089.310319974224647262,955952,9712,1041328379.00,710899,74.37,30.40,5.90
30-September-2016,1070.00,1093.45,1067.00,1082.10,1082.396060676627800553,184651,7490,199865515.00,58228,31.53,26.45,12.10
29-September-2016,1095.00,1110.00,1067.50,1072.55,1087.219939302673401692,389803,11004,423801594.00,90905,23.32,42.50,-22.45
28-September-2016,1110.00,1113.00,1087.30,1089.70,1093.795334645730704794,320533,8958,350597500.00,108731,33.92,25.70,-20.30
27-September-2016,1113.05,1125.70,1107.30,1110.45,1114.644249430163253916,318951,12134,355516898.00,147031,46.10,18.40,-2.60
26-September-2016,1102.50,1128.90,1102.00,1109.35,1120.893593878059181046,991973,15366,1111896181.00,631302,63.64,26.90,6.85
23-September-2016,1088.00,1109.20,1088.00,1102.95,1101.095132850033578427,1161460,14278,1278877953.00,841346,72.44,21.20,14.95
22-September-2016,1080.00,1095.50,1079.10,1087.65,1089.840598025304481494,541248,10236,589874044.00,338543,62.55,16.40,7.65
21-September-2016,1074.00,1084.50,1067.00,1071.35,1075.147569146194811887,157167,4904,168977718.00,58328,37.11,17.50,-2.65
20-September-2016,1085.05,1086.00,1069.10,1074.10,1075.944362027808871326,296596,4995,319120794.00,183455,61.85,16.90,-10.95
19-September-2016,1074.90,1087.50,1071.05,1082.35,1082.043938929121463122,1613535,8585,1745915767.00,1402580,86.93,16.45,7.45
16-September-2016,1065.00,1093.25,1059.75,1075.65,1082.883751911519449205,1299359,23246,1407054749.00,649631,50.00,33.50,10.65
15-September-2016,1047.00,1068.00,1047.00,1062.45,1056.215056691106400357,462771,8459,488785698.00,201259,43.49,21.00,15.45
14-September-2016,1046.00,1058.00,1040.65,1045.45,1052.560581095008461313,314372,7186,330895575.00,154924,49.28,17.35,-0.55
12-September-2016,1034.00,1055.65,1025.10,1046.60,1046.703021482852689010,492672,12534,515681271.00,200495,40.70,30.55,12.60
9-September-2016,1034.00,1049.65,1030.20,1043.70,1042.403442809793929231,305332,11577,318279128.00,77380,25.34,19.45,9.70
8-September-2016,1020.50,1035.50,1020.00,1032.25,1030.389764464675139629,367758,7348,378934079.00,120060,32.65,15.50,11.75
7-September-2016,1020.10,1026.75,1014.00,1017.45,1019.079503776599607814,220304,8712,224507291.00,65429,29.70,12.75,-2.65
6-September-2016,1020.00,1024.95,1014.00,1020.45,1019.227937910219738704,240877,7127,245508568.00,91963,38.18,10.95,0.45
2-September-2016,1032.00,1035.00,1003.10,1012.85,1014.115612323614848280,541854,17356,549502601.00,150607,27.79,31.90,-19.15
1-September-2016,1053.90,1072.55,1026.25,1029.15,1051.926353106199248243,1095036,29479,1151897226.00,254105,23.21,46.30,-24.75
31-August-2016,1065.90,1073.55,1047.05,1058.00,1064.907687543280872972,232493,7686,247583583.00,63731,27.41,26.50,-7.90
30-August-2016,1059.20,1070.00,1053.25,1065.80,1058.661300161767558538,1139289,10531,1206121174.00,931340,81.75,16.75,6.60
29-August-2016,1027.70,1059.95,1027.00,1057.00,1044.484255263236106135,639293,13187,667731473.00,349341,54.64,32.95,29.30
26-August-2016,1014.80,1030.00,1014.65,1027.70,1024.604995231590071397,232782,7028,238509600.00,72362,31.09,15.35,12.90
25-August-2016,1020.50,1028.50,1010.00,1013.10,1020.410788672914128236,156757,5185,159956534.00,37963,24.22,18.50,-7.40
24-August-2016,1014.50,1022.10,1011.10,1020.75,1015.086459253925130655,366612,5663,372142877.00,265119,72.32,11.00,6.25
23-August-2016,1013.00,1014.80,1005.10,1009.90,1010.281312217845817281,208441,4184,210584047.00,108186,51.90,9.70,-3.10
22-August-2016,1017.90,1020.35,1007.30,1013.90,1013.502988464693703296,179189,4855,181608587.00,51403,28.69,13.05,-4.00
19-August-2016,1011.00,1021.70,1007.25,1014.85,1014.898950333679868540,149095,4944,151316359.00,36342,24.38,14.45,3.85
18-August-2016,1015.35,1023.15,1015.15,1016.60,1019.681490160940138539,290170,3016,295880978.00,225212,77.61,8.00,1.25
17-August-2016,1023.00,1028.80,1008.20,1014.00,1018.572435164186078290,453723,5177,462149741.00,336867,74.25,20.60,-9.00
16-August-2016,1035.00,1044.00,1016.00,1024.20,1026.885025802285979032,202889,7660,208343676.00,58826,28.99,28.00,-10.80
12-August-2016,1015.00,1041.75,1014.90,1034.95,1032.496747242769189883,361232,11232,372970865.00,132073,36.56,26.85,19.95
11-August-2016,1004.00,1022.00,1000.25,1012.45,1012.780515706158792975,161720,6188,163786865.00,28837,17.83,21.75,8.45
10-August-2016,1029.95,1034.50,1001.05,1002.80,1013.986529723727847823,205341,7058,208213008.00,70395,34.28,33.45,-27.15
9-August-2016,1028.40,1033.40,1021.30,1029.85,1027.707436528737457972,188865,5957,194097965.00,66851,35.40,12.10,1.45
8-August-2016,1017.15,1033.50,1017.15,1029.65,1029.153378774442757729,266132,8335,273890647.00,130638,49.09,16.35,12.50
5-August-2016,995.20,1017.50,995.20,1014.55,1007.243889892315782253,174956,5742,176223362.00,72455,41.41,22.30,19.35
4-August-2016,1000.00,1002.00,984.50,993.15,991.072210053387262124,178507,7126,176913327.00,53259,29.84,17.50,-6.85
3-August-2016,1011.55,1013.05,992.00,994.05,998.358430836678338599,175635,9005,175346683.00,72710,41.40,21.05,-17.50
2-August-2016,1008.90,1018.50,1007.00,1011.05,1012.928829260904684975,158464,4833,160512754.00,62879,39.68,11.50,2.15
1-August-2016,1016.55,1020.85,1005.30,1009.30,1011.986025647560860161,137323,4510,138968957.00,50052,36.45,15.55,-7.25
29-July-2016,1025.80,1025.80,1012.20,1015.50,1016.996586651866241154,108105,4239,109942416.00,33938,31.39,13.60,-10.30
28-July-2016,1018.40,1029.80,1012.50,1026.05,1020.898330123595231710,205105,8141,209391352.00,68304,33.30,17.30,7.65
27-July-2016,1025.00,1026.90,1010.00,1013.05,1017.348681873090314787,168876,5413,171805776.00,63407,37.55,16.90,-11.95
26-July-2016,1021.40,1034.15,1015.20,1023.30,1027.613635857336986789,269334,10438,276771291.00,96335,35.77,18.95,1.90
25-July-2016,1016.00,1021.80,1007.80,1020.65,1014.967339449285445879,1434391,5725,1455860017.00,1305167,90.99,14.00,4.65
22-July-2016,1005.00,1017.25,1004.15,1014.80,1013.012989417401672183,135033,5207,136790183.00,38049,28.18,13.10,9.80
21-July-2016,1024.00,1024.55,1005.50,1006.70,1011.700701071224986859,135079,5335,136659519.00,39776,29.45,19.05,-17.30
20-July-2016,1020.00,1028.10,1017.00,1022.55,1022.820944280078895463,243360,8364,248913705.00,77197,31.72,11.10,2.55
19-July-2016,1008.00,1021.80,995.25,1015.40,1009.722321598477640342,394125,10989,397956810.00,79026,20.05,26.55,7.40
18-July-2016,1027.00,1039.00,986.10,1004.25,1021.820876362013128053,667578,19179,682145137.00,148753,22.28,52.90,-22.75
15-July-2016,1010.00,1020.65,1003.85,1012.55,1013.734773830563074651,357608,10099,362519665.00,145642,40.73,16.80,2.55
14-July-2016,1008.00,1014.60,999.05,1006.45,1006.506605033526859547,144511,6488,145451276.00,34438,23.83,15.55,-1.55
13-July-2016,1003.00,1015.80,1002.00,1008.45,1011.141127249387881237,420670,12999,425356738.00,211722,50.33,13.80,5.45
12-July-2016,992.50,1004.05,991.00,1002.10,998.393889382428623943,261152,8077,260732561.00,96673,37.02,13.05,9.60
11-July-2016,988.05,994.90,985.50,990.75,990.337366646933030482,165538,7340,163938467.00,44622,26.96,9.40,2.70
8-July-2016,988.00,989.00,978.55,980.10,982.950079333812830030,276679,6470,271961645.00,122133,44.14,10.45,-7.90
7-July-2016,993.45,1000.00,986.75,987.90,991.832558637053172040,205672,9499,203992186.00,61517,29.91,13.25,-5.55
5-July-2016,989.95,1002.80,980.50,992.95,994.527713482841638346,258358,9215,256944191.00,77906,30.15,22.30,3.00
4-July-2016,978.00,992.35,976.20,986.65,987.423456247548567891,211611,6698,208949665.00,73445,34.71,16.15,8.65
1-July-2016,973.50,976.45,970.20,973.65,973.420981738984754565,149225,4327,145258746.00,60928,40.83,6.25,0.15
30-June-2016,971.00,977.75,967.35,969.45,971.187206770107764487,249804,10481,242606449.00,116041,46.45,10.40,-1.55
29-June-2016,961.00,968.80,960.30,966.85,964.928730354935546530,169890,5862,163931742.00,61618,36.27,8.50,5.85
28-June-2016,957.50,961.55,956.00,958.20,958.701407988447274278,152345,5543,146053366.00,42531,27.92,5.55,0.70
27-June-2016,949.85,958.80,944.00,956.10,954.487288660141874833,266573,6561,254440540.00,101368,38.03,14.80,6.25
24-June-2016,966.00,966.00,934.40,951.50,946.598770275875211586,713656,16411,675545892.00,318476,44.63,31.60,-14.50
23-June-2016,980.00,983.45,970.00,981.90,975.336494120753308356,219671,7479,214253143.00,69127,31.47,13.45,1.90
22-June-2016,986.95,986.95,977.00,980.50,980.959147830012219071,385463,7166,378123456.00,183771,47.68,9.95,-6.45
21-June-2016,995.00,995.00,980.20,987.25,986.528216438167096061,347776,7508,343090837.00,178978,51.46,14.80,-7.75
20-June-2016,965.00,993.00,965.00,990.55,985.129998198340220928,355228,9386,349945759.00,169103,47.60,28.00,25.55
17-June-2016,977.00,978.90,970.00,973.25,973.862219678770422730,159014,6025,154857727.00,53596,33.71,8.90,-3.75
16-June-2016,981.90,983.50,967.50,974.55,974.563833548829722669,189485,6768,184665228.00,33762,17.82,16.00,-7.35
15-June-2016,977.50,984.90,973.50,982.40,980.343206849975306291,168059,5863,164755499.00,44347,26.39,11.40,4.90
14-June-2016,982.00,984.50,969.30,974.90,976.972816316178170994,134051,4917,130964183.00,31627,23.59,15.20,-7.10
13-June-2016,970.00,983.30,964.00,979.30,973.938949610625161470,189663,7602,184720183.00,37632,19.84,19.30,9.30
10-June-2016,973.00,984.20,968.70,975.65,976.865696193575774727,226144,7600,220912316.00,70043,30.97,15.50,2.65
9-June-2016,958.05,977.00,958.00,971.45,971.002246760867450522,318681,9781,309439967.00,143163,44.92,19.00,13.40
8-June-2016,957.00,958.00,950.20,954.15,953.715095129603549620,183907,5040,175394882.00,58346,31.73,7.80,-2.85
7-June-2016,956.00,961.10,951.80,954.65,955.630398192472056918,175267,5489,167490473.00,75497,43.08,9.30,-1.35
6-June-2016,959.00,962.75,953.00,955.90,957.362590037730096421,157434,6270,150721422.00,46906,29.79,9.75,-3.10
3-June-2016,957.50,963.60,955.40,957.95,959.163315765051354327,144389,5342,138492632.00,48172,33.36,8.20,0.45
2-June-2016,956.10,957.25,945.25,956.00,950.731941767860874410,172276,6793,163788296.00,64488,37.43,12.00,-0.10
1-June-2016,958.80,966.50,951.25,953.30,959.197000202401116401,187746,6787,180085400.00,53239,28.36,15.25,-5.50
31-May-2016,968.90,972.50,956.20,958.95,962.689455941187222030,196964,6056,189615166.00,52791,26.80,16.30,-9.95
30-May-2016,975.00,981.45,966.00,969.45,972.298064462188035617,215289,7715,209325078.00,65957,30.64,15.45,-5.55
27-May-2016,951.50,975.70,949.50,972.65,965.489680426098535286,306408,10652,295833762.00,81680,26.66,26.20,21.15
26-May-2016,950.55,953.00,944.25,946.65,947.997039557203067079,196930,6392,186689057.00,68025,34.54,8.75,-3.90
25-May-2016,949.20,951.90,941.60,949.25,947.537260773121824756,181679,6484,172147622.00,51441,28.31,10.30,0.05
24-May-2016,930.90,943.35,929.00,940.05,939.590427198663045748,191480,6603,179912775.00,46574,24.32,14.35,9.15
23-May-2016,938.40,940.00,925.70,930.00,932.288964174925994613,479357,10478,446899241.00,275459,57.46,14.30,-8.40
20-May-2016,951.15,954.60,932.35,934.10,943.436660394811529001,380536,11494,359011613.00,126580,33.26,22.25,-17.05
19-May-2016,971.15,971.70,946.15,950.55,961.914944719603001554,207759,7354,199846487.00,79035,38.04,25.55,-20.60
18-May-2016,967.00,972.75,965.20,970.15,970.008353990057382325,146038,5042,141658080.00,34820,23.84,7.55,3.15
17-May-2016,980.00,983.30,966.65,970.20,974.970405665574366342,176081,7553,171673764.00,50745,28.82,16.65,-9.80
16-May-2016,978.25,982.05,972.00,976.15,976.695845461472260136,182427,6623,178175693.00,50999,27.96,10.05,-2.10
13-May-2016,988.00,990.90,975.50,978.00,981.279232419878741177,186873,6110,183374594.00,59008,31.58,15.40,-10.00
12-May-2016,977.00,992.45,975.70,991.05,986.401401364775616984,218644,8165,215670748.00,51519,23.56,16.75,14.05
11-May-2016,973.00,980.45,971.00,974.85,976.377281895145231947,155682,5617,152004368.00,35105,22.55,9.45,1.85
10-May-2016,982.00,984.85,978.05,981.35,981.389711381637636627,110977,4366,108911686.00,31676,28.54,6.80,-0.65
9-May-2016,975.00,986.00,972.50,982.95,980.835701275045537340,186660,6915,183082792.00,72905,39.06,13.50,7.95
6-May-2016,975.00,976.95,967.50,969.15,971.137957748972942343,225888,8995,219368411.00,92532,40.96,9.45,-5.85
5-May-2016,982.25,983.50,971.10,975.05,976.872926889010042588,253122,9367,247268029.00,109401,43.22,12.40,-7.20
4-May-2016,976.00,983.65,974.25,977.50,979.078695881731784582,227280,7443,222525006.00,71136,31.30,9.40,1.50
3-May-2016,989.80,994.70,972.60,976.05,981.906314685116397765,282136,10845,277031120.00,69017,24.46,22.10,-13.75
2-May-2016,981.40,992.50,977.05,986.30,986.681691402421990359,225517,7966,222513495.00,54915,24.35,15.45,4.90
29-April-2016,995.70,998.75,977.85,982.55,988.339507337526205450,477000,16373,471437945.00,149803,31.41,20.90,-13.15
28-April-2016,1019.70,1019.70,992.00,997.35,1002.310688733640710937,676909,16633,678473126.00,204385,30.19,27.70,-22.35
27-April-2016,1019.90,1025.85,1015.10,1019.70,1021.505304446978335233,219250,8822,223965038.00,75747,34.55,10.75,-0.20
26-April-2016,1017.00,1023.85,1008.00,1016.80,1014.624204502654695226,411535,15742,417553372.00,103288,25.10,15.85,-0.20
25-April-2016,1042.70,1044.90,1012.75,1016.15,1020.171031561136881542,628843,25573,641527412.00,150237,23.89,32.15,-26.55
22-April-2016,1041.00,1047.75,1030.50,1038.75,1039.441825996127375491,242213,9581,251766323.00,74180,30.63,17.25,-2.25
21-April-2016,1044.90,1051.50,1035.00,1040.90,1041.892153103038189581,232079,9249,241801289.00,61280,26.40,16.50,-4.00
20-April-2016,1068.20,1070.00,1035.35,1038.30,1045.475323990787317665,261813,13736,273719031.00,94153,35.96,34.65,-29.90
18-April-2016,1065.45,1065.70,1055.00,1061.75,1059.679835647703760585,375048,7026,397430803.00,177510,47.33,10.70,-3.70
13-April-2016,1052.00,1068.30,1052.00,1065.45,1059.652863620078912965,421477,11413,446619310.00,216488,51.36,16.30,13.45
12-April-2016,1040.30,1057.00,1038.60,1047.15,1049.496555614787824835,193213,7206,202776378.00,52828,27.34,18.40,6.85
11-April-2016,1035.20,1045.00,1033.30,1039.85,1040.203615934016675133,167315,6245,174041668.00,54424,32.53,11.70,4.65
8-April-2016,1033.50,1054.00,1032.05,1037.85,1042.077181272786897895,259195,10732,270101195.00,45808,17.67,21.95,4.35
7-April-2016,1032.00,1048.00,1023.25,1037.95,1037.863811791755624897,170492,6997,176947477.00,39029,22.89,24.75,5.95
6-April-2016,1030.80,1035.90,1022.20,1031.45,1029.603310880237470030,87590,4622,90182954.00,18891,21.57,13.70,0.65
5-April-2016,1030.00,1042.00,1022.65,1028.10,1029.900072770733635018,207501,5923,213705295.00,69880,33.68,19.35,-1.90
4-April-2016,1036.15,1042.45,1024.45,1035.15,1032.861937439191341708,116143,5958,119959684.00,21351,18.38,18.00,-1.00
1-April-2016,1039.00,1045.90,1026.40,1033.65,1033.450943451337773104,205416,11717,212287359.00,48657,23.69,19.50,-5.35
31-March-2016,1043.00,1055.95,1034.10,1045.25,1046.026559857891950057,292735,9205,306208585.00,120343,41.11,21.85,2.25
30-March-2016,1040.35,1050.90,1040.25,1044.90,1046.844296689258720414,225448,8963,236008953.00,74792,33.17,10.65,4.55
29-March-2016,1023.05,1040.90,1022.40,1035.40,1034.326701447583374883,246687,7577,255154951.00,74615,30.25,18.50,12.35
28-March-2016,1029.00,1031.95,1015.50,1020.50,1022.457176176866725797,304410,12716,311246189.00,106985,35.15,16.45,-8.50
23-March-2016,1047.00,1047.00,1023.00,1029.35,1031.409251074926745204,350489,10739,361497597.00,106129,30.28,24.00,-17.65
22-March-2016,1038.10,1052.50,1036.75,1048.50,1045.552948731103924690,302113,11164,315875138.00,91235,30.20,15.75,10.40
21-March-2016,1027.20,1039.00,1023.50,1036.20,1029.796757211003732173,202295,7924,208322735.00,73940,36.55,15.50,9.00
18-March-2016,1019.00,1028.40,1016.25,1025.20,1022.109259948655221261,827348,8279,845640052.00,684960,82.79,12.15,6.20
17-March-2016,1028.00,1036.40,1012.40,1015.55,1024.415860658179579352,201404,8721,206321452.00,50951,25.30,24.00,-12.45
16-March-2016,1021.00,1025.70,1005.40,1021.75,1016.292459534149230161,164645,6645,167327472.00,22640,13.75,20.30,0.75
15-March-2016,1021.00,1026.95,1016.00,1020.40,1021.226939520333680917,191800,5634,195871327.00,77167,40.23,10.95,-0.60
14-March-2016,1018.15,1026.00,1013.00,1018.55,1018.646669643810614812,206014,6156,209855475.00,60195,29.22,13.00,0.40
11-March-2016,1016.50,1029.50,1011.30,1015.65,1019.571164815673311430,248065,8869,252919921.00,44780,18.05,18.20,-0.85
10-March-2016,1043.70,1045.00,1009.00,1012.00,1020.160672868540380285,354839,15320,361992793.00,105088,29.62,36.00,-31.70
9-March-2016,1019.00,1044.00,1017.35,1041.95,1033.748933497557036469,367791,11771,380203554.00,102896,27.98,26.65,22.95
8-March-2016,1006.00,1031.00,1006.00,1027.15,1021.890341554456892123,424354,13337,433643254.00,148281,34.94,25.00,21.15
4-March-2016,1017.00,1018.00,1003.75,1006.50,1008.897172716757924003,2911912,6987,2937819784.00,2688418,92.32,14.25,-10.50
3-March-2016,1007.25,1017.25,997.55,1012.55,1008.873301042125348598,340650,11815,343672690.00,104736,30.75,19.70,5.30
2-March-2016,992.50,1005.25,987.50,1001.20,998.647715195596321962,529739,12416,529022642.00,303733,57.34,17.75,8.70
1-March-2016,967.50,985.00,965.00,982.25,979.622700262002571922,311829,10931,305474767.00,104509,33.51,20.00,14.75
29-February-2016,951.10,993.00,936.30,966.55,959.368465421585059020,999988,22873,959356953.00,372718,37.27,56.70,15.45
26-February-2016,950.00,958.50,944.95,950.50,951.424967460208165821,225109,6121,214174323.00,65338,29.03,13.55,0.50
25-February-2016,957.00,957.00,941.70,944.40,947.621349046885370959,332961,6898,315520952.00,180413,54.18,15.30,-12.60
24-February-2016,946.30,959.00,942.55,952.55,954.391241650081741214,1457649,9209,1391167439.00,1262542,86.61,16.45,6.25
23-February-2016,964.00,966.90,943.05,950.70,957.701145800366406497,1794728,9348,1718813062.00,1569863,87.47,23.85,-13.30
22-February-2016,945.90,967.90,945.05,962.45,961.502119979896742358,218870,7756,210443969.00,46690,21.33,22.85,16.55
19-February-2016,941.15,952.45,937.80,944.55,945.183978986721670749,186168,7112,175963011.00,21374,11.48,14.65,3.40
18-February-2016,962.00,967.75,936.30,941.15,950.803049717040797049,243498,9004,231518641.00,41642,17.10,31.45,-20.85
17-February-2016,933.40,956.00,917.10,952.45,937.878956456066132708,365447,12080,342745051.00,60239,16.48,38.90,19.05
16-February-2016,952.80,958.00,927.00,929.65,942.267545928641839553,307379,10116,289633256.00,33676,10.96,31.00,-23.15
15-February-2016,921.00,949.95,920.00,944.65,939.911597122700618245,288882,9957,271523542.00,59296,20.53,29.95,23.65
12-February-2016,931.05,933.00,888.50,906.30,907.509568472038749449,681300,23393,618286269.00,159288,23.38,44.50,-24.75
11-February-2016,963.00,966.00,916.25,922.45,937.678876741769611282,563005,17182,527917896.00,168980,30.01,49.75,-40.55
10-February-2016,951.25,972.90,948.95,962.40,962.948940020682523267,495104,10785,476759872.00,208627,42.14,23.95,11.15
9-February-2016,951.10,968.50,950.35,956.60,961.092405482686326973,359167,13866,345192676.00,65476,18.23,18.15,5.50
8-February-2016,971.90,984.25,957.70,961.60,972.945803680194909277,311940,10638,303500714.00,81347,26.08,26.55,-10.30
5-February-2016,976.30,982.00,963.00,972.30,971.212605992257297815,329859,11897,320363219.00,43016,13.04,19.00,-4.00
4-February-2016,990.00,1000.00,968.00,973.95,982.266402183135735088,305249,12485,299835837.00,46843,15.35,32.00,-16.05
3-February-2016,988.10,993.20,975.00,980.70,984.315158741210053609,344712,10610,339305247.00,70638,20.49,18.20,-7.40
2-February-2016,1031.00,1032.00,990.30,1002.00,1012.893933037295338763,367070,11152,371802976.00,103173,28.11,41.70,-29.00
1-February-2016,1040.00,1041.00,1025.15,1028.10,1032.208104389261868922,216574,7112,223549438.00,44724,20.65,15.85,-11.90
29-January-2016,1020.00,1039.40,1018.85,1035.05,1031.594346375320055126,280811,10044,289683040.00,87594,31.19,20.55,15.05
28-January-2016,1000.00,1021.75,997.75,1016.90,1009.912860607014356325,279598,10218,282369616.00,84484,30.22,24.00,16.90
27-January-2016,1007.95,1009.70,996.15,999.35,1003.407951987996999249,213280,8067,214006848.00,73187,34.31,13.55,-8.60
25-January-2016,1008.20,1018.40,1000.15,1004.80,1009.965519363902325985,276184,9008,278936317.00,68788,24.91,18.25,-3.40
22-January-2016,995.00,1010.15,994.75,1003.95,1003.456551792238570158,344318,12402,345508153.00,63959,18.58,15.40,8.95
21-January-2016,1016.30,1025.70,978.15,984.90,993.948776672936799019,921299,29044,915724014.00,128409,13.94,47.55,-31.40
20-January-2016,1040.50,1040.50,990.50,1004.35,1008.483926891342164222,1181912,39978,1191939255.00,253635,21.46,50.00,-36.15
19-January-2016,1025.00,1049.00,1015.20,1043.60,1036.090254581314391425,539474,16545,558943754.00,130857,24.26,33.80,18.60
18-January-2016,1073.05,1082.45,1010.10,1018.00,1049.190728947345619644,577065,17691,605451248.00,127804,22.15,72.35,-55.05
15-January-2016,1070.00,1089.50,1066.00,1073.15,1081.107711448031545874,806191,23298,871579307.00,274625,34.06,23.50,3.15
14-January-2016,1062.10,1081.00,1052.40,1061.20,1067.513988451827332480,590916,15788,630811096.00,117342,19.86,28.60,-0.90
13-January-2016,1054.80,1087.40,1019.35,1077.35,1059.947470611376432417,1418406,27783,1503435852.00,482983,34.05,68.05,22.55
12-January-2016,1054.00,1065.00,1041.05,1045.10,1052.989161410988835654,451258,14934,475169783.00,104846,23.23,23.95,-8.90
11-January-2016,1011.00,1059.95,1011.00,1051.55,1048.107563667094635224,861434,22283,902875491.00,287653,33.39,48.95,40.55
8-January-2016,1019.00,1032.15,1000.05,1024.05,1003.965622274220757993,7008317,27081,7036109338.00,6184723,88.25,32.10,5.05
7-January-2016,1023.80,1027.60,1008.25,1011.55,1015.483768218869395503,374543,9578,380342337.00,53481,14.28,19.35,-12.25
6-January-2016,1005.00,1038.00,1000.55,1031.95,1027.955139102782055641,949981,31274,976537851.00,305282,32.14,37.45,26.95
5-January-2016,1002.00,1010.00,996.85,1005.10,1004.668569353618102901,294671,5588,296046692.00,102135,34.66,13.15,3.10
4-January-2016,1006.00,1014.20,987.30,995.40,999.484352786822937794,273627,8604,273485905.00,49267,18.01,26.90,-10.60
1-January-2016,1010.00,1020.00,1008.75,1015.35,1016.567151052207124271,328595,6141,334038883.00,179023,54.48,11.25,5.35
